Auto-update on Sun May 25 04:27:21 UTC 2025
Auto-update on Mon May 26 03:35:46 UTC 2025
Auto-update on Tue May 27 03:31:04 UTC 2025
Auto-update on Wed May 28 03:32:37 UTC 2025
Auto-update on Thu May 29 03:33:42 UTC 2025
Auto-update on Fri May 30 03:32:05 UTC 2025
Auto-update on Sat May 31 03:29:50 UTC 2025
Auto-update on Sun Jun  1 03:52:31 UTC 2025
Auto-update on Mon Jun  2 03:42:19 UTC 2025
Auto-update on Tue Jun  3 03:35:58 UTC 2025
Auto-update on Wed Jun  4 03:36:26 UTC 2025
Auto-update on Thu Jun  5 03:37:06 UTC 2025
Auto-update on Fri Jun  6 03:36:22 UTC 2025
Auto-update on Sat Jun  7 03:32:46 UTC 2025
Auto-update on Sun Jun  8 03:42:34 UTC 2025
Auto-update on Mon Jun  9 03:42:10 UTC 2025
Auto-update on Tue Jun 10 03:38:01 UTC 2025
Auto-update on Wed Jun 11 03:37:44 UTC 2025
Auto-update on Thu Jun 12 03:36:57 UTC 2025
Auto-update on Fri Jun 13 03:37:47 UTC 2025
Auto-update on Sat Jun 14 03:32:09 UTC 2025
Auto-update on Sun Jun 15 03:42:23 UTC 2025
Auto-update on Mon Jun 16 03:42:59 UTC 2025
Auto-update on Tue Jun 17 03:38:05 UTC 2025
Auto-update on Wed Jun 18 03:37:22 UTC 2025
Auto-update on Thu Jun 19 03:37:48 UTC 2025
Auto-update on Fri Jun 20 03:36:47 UTC 2025
Auto-update on Sat Jun 21 03:33:50 UTC 2025
Auto-update on Sun Jun 22 03:43:55 UTC 2025
Auto-update on Mon Jun 23 03:46:03 UTC 2025
Auto-update on Tue Jun 24 03:38:47 UTC 2025
Auto-update on Wed Jun 25 03:40:55 UTC 2025
Auto-update on Thu Jun 26 02:04:54 UTC 2025
Auto-update on Fri Jun 27 02:05:45 UTC 2025
Auto-update on Sat Jun 28 02:01:19 UTC 2025
Auto-update on Sun Jun 29 02:22:06 UTC 2025
Auto-update on Mon Jun 30 02:10:59 UTC 2025
Auto-update on Tue Jul  1 02:23:08 UTC 2025
Auto-update on Wed Jul  2 02:05:17 UTC 2025
Auto-update on Thu Jul  3 02:05:47 UTC 2025
Auto-update on Fri Jul  4 02:05:00 UTC 2025
Auto-update on Sat Jul  5 02:00:57 UTC 2025
Auto-update on Sun Jul  6 02:20:27 UTC 2025
Auto-update on Mon Jul  7 02:11:16 UTC 2025
Auto-update on Tue Jul  8 02:06:24 UTC 2025
Auto-update on Wed Jul  9 02:07:44 UTC 2025
Auto-update on Thu Jul 10 02:08:08 UTC 2025
Auto-update on Fri Jul 11 02:10:36 UTC 2025
Auto-update on Sat Jul 12 02:11:05 UTC 2025
Auto-update on Sun Jul 13 02:25:27 UTC 2025
Auto-update on Mon Jul 14 02:20:58 UTC 2025
Auto-update on Tue Jul 15 02:20:32 UTC 2025
Auto-update on Wed Jul 16 02:11:27 UTC 2025
Auto-update on Thu Jul 17 02:11:59 UTC 2025
Auto-update on Fri Jul 18 02:19:24 UTC 2025
Auto-update on Sat Jul 19 02:07:29 UTC 2025
Auto-update on Sun Jul 20 02:27:36 UTC 2025
Auto-update on Mon Jul 21 02:24:34 UTC 2025
Auto-update on Tue Jul 22 02:18:37 UTC 2025
Auto-update on Wed Jul 23 02:19:51 UTC 2025
Auto-update on Thu Jul 24 02:18:57 UTC 2025
Auto-update on Fri Jul 25 02:18:32 UTC 2025
Auto-update on Sat Jul 26 02:09:03 UTC 2025
Auto-update on Sun Jul 27 02:28:38 UTC 2025
Auto-update on Mon Jul 28 02:25:30 UTC 2025
Auto-update on Tue Jul 29 02:30:33 UTC 2025
Auto-update on Wed Jul 30 02:22:08 UTC 2025
Auto-update on Thu Jul 31 02:21:19 UTC 2025
Auto-update on Fri Aug  1 02:32:50 UTC 2025
Auto-update on Sat Aug  2 02:09:43 UTC 2025
Auto-update on Sun Aug  3 02:31:05 UTC 2025
Auto-update on Mon Aug  4 02:30:40 UTC 2025
Auto-update on Tue Aug  5 02:24:24 UTC 2025
Auto-update on Wed Aug  6 02:22:38 UTC 2025
Auto-update on Thu Aug  7 02:22:57 UTC 2025
Auto-update on Fri Aug  8 02:22:48 UTC 2025
Auto-update on Sat Aug  9 02:05:02 UTC 2025
Auto-update on Sun Aug 10 02:26:30 UTC 2025
Auto-update on Mon Aug 11 02:22:25 UTC 2025
Auto-update on Tue Aug 12 02:04:26 UTC 2025
Auto-update on Wed Aug 13 02:06:16 UTC 2025
Auto-update on Thu Aug 14 02:06:43 UTC 2025
Auto-update on Fri Aug 15 02:07:31 UTC 2025
Auto-update on Sat Aug 16 02:01:20 UTC 2025
Auto-update on Sun Aug 17 02:19:01 UTC 2025
Auto-update on Mon Aug 18 02:19:39 UTC 2025
Auto-update on Tue Aug 19 02:00:18 UTC 2025
Auto-update on Wed Aug 20 01:58:24 UTC 2025
Auto-update on Thu Aug 21 01:57:05 UTC 2025
Auto-update on Fri Aug 22 01:57:48 UTC 2025
Auto-update on Sat Aug 23 01:53:40 UTC 2025
Auto-update on Sun Aug 24 02:08:38 UTC 2025
Auto-update on Mon Aug 25 02:02:51 UTC 2025
Auto-update on Tue Aug 26 01:58:46 UTC 2025
Auto-update on Wed Aug 27 01:55:19 UTC 2025
Auto-update on Thu Aug 28 01:54:17 UTC 2025
Auto-update on Fri Aug 29 01:54:13 UTC 2025
Auto-update on Sat Aug 30 01:48:40 UTC 2025
Auto-update on Sun Aug 31 02:00:06 UTC 2025
Auto-update on Mon Sep  1 02:10:26 UTC 2025
Auto-update on Tue Sep  2 01:56:11 UTC 2025
Auto-update on Wed Sep  3 01:48:12 UTC 2025
Auto-update on Thu Sep  4 01:48:51 UTC 2025
Auto-update on Fri Sep  5 01:51:45 UTC 2025
Auto-update on Sat Sep  6 01:48:15 UTC 2025
Auto-update on Sun Sep  7 01:57:19 UTC 2025
Auto-update on Mon Sep  8 01:57:07 UTC 2025
Auto-update on Tue Sep  9 01:53:31 UTC 2025
Auto-update on Wed Sep 10 01:49:24 UTC 2025
Auto-update on Thu Sep 11 01:52:41 UTC 2025
Auto-update on Fri Sep 12 01:48:02 UTC 2025
Auto-update on Sat Sep 13 01:43:31 UTC 2025
Auto-update on Sun Sep 14 01:56:45 UTC 2025
Auto-update on Mon Sep 15 01:58:26 UTC 2025
Auto-update on Tue Sep 16 01:49:22 UTC 2025
Auto-update on Wed Sep 17 01:49:09 UTC 2025
Auto-update on Thu Sep 18 01:49:13 UTC 2025
Auto-update on Fri Sep 19 01:52:50 UTC 2025
Auto-update on Sat Sep 20 01:47:19 UTC 2025
Auto-update on Sun Sep 21 02:00:16 UTC 2025
Auto-update on Mon Sep 22 02:00:24 UTC 2025
Auto-update on Tue Sep 23 01:49:57 UTC 2025
Auto-update on Wed Sep 24 01:51:34 UTC 2025
Auto-update on Thu Sep 25 01:52:33 UTC 2025
Auto-update on Fri Sep 26 01:51:44 UTC 2025
Auto-update on Sat Sep 27 01:46:55 UTC 2025
Auto-update on Sun Sep 28 02:01:03 UTC 2025
Auto-update on Mon Sep 29 01:55:01 UTC 2025
Auto-update on Tue Sep 30 01:49:27 UTC 2025
Auto-update on Wed Oct  1 02:02:26 UTC 2025
Auto-update on Thu Oct  2 01:49:55 UTC 2025
Auto-update on Fri Oct  3 01:49:33 UTC 2025
Auto-update on Sat Oct  4 01:45:29 UTC 2025
Auto-update on Sun Oct  5 02:00:28 UTC 2025
Auto-update on Mon Oct  6 01:53:24 UTC 2025
Auto-update on Tue Oct  7 01:50:26 UTC 2025
Auto-update on Wed Oct  8 01:50:32 UTC 2025
Auto-update on Thu Oct  9 01:51:35 UTC 2025
Auto-update on Fri Oct 10 01:52:11 UTC 2025
Auto-update on Sat Oct 11 01:47:18 UTC 2025
Auto-update on Sun Oct 12 01:55:47 UTC 2025
Auto-update on Mon Oct 13 01:59:34 UTC 2025
Auto-update on Tue Oct 14 01:52:22 UTC 2025
Auto-update on Wed Oct 15 01:55:21 UTC 2025
Auto-update on Thu Oct 16 01:54:10 UTC 2025
Auto-update on Fri Oct 17 01:53:05 UTC 2025
Auto-update on Sat Oct 18 01:47:57 UTC 2025
Auto-update on Sun Oct 19 02:05:37 UTC 2025
Auto-update on Mon Oct 20 02:02:55 UTC 2025
Auto-update on Tue Oct 21 01:56:17 UTC 2025
Auto-update on Wed Oct 22 01:59:27 UTC 2025
Auto-update on Thu Oct 23 01:54:58 UTC 2025
Auto-update on Fri Oct 24 01:50:44 UTC 2025
Auto-update on Sat Oct 25 01:52:46 UTC 2025
Auto-update on Sun Oct 26 02:01:45 UTC 2025
Auto-update on Mon Oct 27 02:06:07 UTC 2025
Auto-update on Tue Oct 28 01:55:23 UTC 2025
Auto-update on Wed Oct 29 02:02:48 UTC 2025
Auto-update on Thu Oct 30 02:01:21 UTC 2025
Auto-update on Fri Oct 31 01:58:20 UTC 2025
Auto-update on Sat Nov  1 02:01:50 UTC 2025
Auto-update on Sun Nov  2 02:04:39 UTC 2025
Auto-update on Mon Nov  3 02:03:50 UTC 2025
Auto-update on Tue Nov  4 01:58:43 UTC 2025
Auto-update on Wed Nov  5 02:00:22 UTC 2025
Auto-update on Thu Nov  6 02:00:36 UTC 2025
Auto-update on Fri Nov  7 01:59:02 UTC 2025
Auto-update on Sat Nov  8 01:52:52 UTC 2025
Auto-update on Sun Nov  9 02:03:31 UTC 2025
Auto-update on Mon Nov 10 02:04:58 UTC 2025
Auto-update on Tue Nov 11 02:01:14 UTC 2025
Auto-update on Wed Nov 12 02:00:15 UTC 2025
Auto-update on Thu Nov 13 02:02:24 UTC 2025
Auto-update on Fri Nov 14 02:00:50 UTC 2025
Auto-update on Sat Nov 15 01:56:31 UTC 2025
Auto-update on Sun Nov 16 02:06:39 UTC 2025
Auto-update on Mon Nov 17 02:01:57 UTC 2025
Auto-update on Tue Nov 18 02:00:19 UTC 2025
Auto-update on Wed Nov 19 01:59:50 UTC 2025
Auto-update on Thu Nov 20 01:58:15 UTC 2025
Auto-update on Fri Nov 21 01:59:09 UTC 2025
Auto-update on Sat Nov 22 01:55:15 UTC 2025
Auto-update on Sun Nov 23 02:20:16 UTC 2025
Auto-update on Mon Nov 24 02:08:12 UTC 2025
Auto-update on Tue Nov 25 02:01:16 UTC 2025
Auto-update on Wed Nov 26 02:01:53 UTC 2025
Auto-update on Thu Nov 27 01:59:21 UTC 2025
Auto-update on Fri Nov 28 01:58:54 UTC 2025
Auto-update on Sat Nov 29 01:58:33 UTC 2025
Auto-update on Sun Nov 30 02:18:58 UTC 2025
Auto-update on Mon Dec  1 02:27:22 UTC 2025
Auto-update on Tue Dec  2 02:03:46 UTC 2025
Auto-update on Wed Dec  3 02:03:16 UTC 2025
Auto-update on Thu Dec  4 02:04:23 UTC 2025
Auto-update on Fri Dec  5 02:04:27 UTC 2025
Auto-update on Sat Dec  6 01:58:04 UTC 2025
Auto-update on Sun Dec  7 02:19:26 UTC 2025
Auto-update on Mon Dec  8 02:05:23 UTC 2025
Auto-update on Tue Dec  9 02:04:32 UTC 2025
Auto-update on Wed Dec 10 02:06:20 UTC 2025
Auto-update on Thu Dec 11 02:08:03 UTC 2025
Auto-update on Fri Dec 12 02:08:06 UTC 2025
Auto-update on Sat Dec 13 02:00:52 UTC 2025
Auto-update on Sun Dec 14 02:20:19 UTC 2025
Auto-update on Mon Dec 15 02:11:38 UTC 2025
Auto-update on Tue Dec 16 02:08:34 UTC 2025
Auto-update on Wed Dec 17 02:03:33 UTC 2025
Auto-update on Thu Dec 18 02:04:27 UTC 2025
Auto-update on Fri Dec 19 02:07:27 UTC 2025
Auto-update on Sat Dec 20 02:00:37 UTC 2025
Auto-update on Sun Dec 21 02:20:01 UTC 2025
